{
   "type":"FeatureCollection",
   "properties":{
      "kind":"state",
      "state":"OK"
   },
   "features":[
      {
         "type":"Feature",
         "properties":{
            "kind":"county",
            "name":"Adair",
            "state":"OK"
         },
         "geometry":{
            "type":"MultiPolygon",
            "coordinates":[
               [
                  [
                     [
                        -94.7696,
                        36.1623
                     ],
                     [
                        -94.5615,
                        36.1623
                     ],
                     [
                        -94.5505,
                        36.1020
                     ],
                     [
                        -94.4903,
                        35.7570
                     ],
                     [
                        -94.4738,
                        35.6365
                     ],
                     [
                        -94.8079,
                        35.6365
                     ],
                     [
                        -94.7970,
                        36.1623
                     ],
                     [
                        -94.7696,
                        36.1623
                     ]
                  ]
               ]
            ]
         }
      }
   ]
}