{
   "type":"FeatureCollection",
   "properties":{
      "kind":"state",
      "state":"OK"
   },
   "features":[
      {
         "type":"Feature",
         "properties":{
            "kind":"county",
            "name":"Atoka",
            "state":"OK"
         },
         "geometry":{
            "type":"MultiPolygon",
            "coordinates":[
               [
                  [
                     [
                        -95.6733,
                        34.5959
                     ],
                     [
                        -95.6733,
                        34.5083
                     ],
                     [
                        -95.7774,
                        34.5083
                     ],
                     [
                        -95.7774,
                        34.1577
                     ],
                     [
                        -95.9910,
                        34.1577
                     ],
                     [
                        -96.4072,
                        34.1577
                     ],
                     [
                        -96.4072,
                        34.4206
                     ],
                     [
                        -96.1443,
                        34.4206
                     ],
                     [
                        -96.1443,
                        34.5083
                     ],
                     [
                        -96.0895,
                        34.5083
                     ],
                     [
                        -96.0895,
                        34.6780
                     ],
                     [
                        -95.8814,
                        34.6780
                     ],
                     [
                        -95.8814,
                        34.5959
                     ],
                     [
                        -95.6733,
                        34.5959
                     ]
                  ]
               ]
            ]
         }
      }
   ]
}