{
   "type":"FeatureCollection",
   "properties":{
      "kind":"state",
      "state":"OK"
   },
   "features":[
      {
         "type":"Feature",
         "properties":{
            "kind":"county",
            "name":"Beaver",
            "state":"OK"
         },
         "geometry":{
            "type":"MultiPolygon",
            "coordinates":[
               [
                  [
                     [
                        -100.0877,
                        37.0003
                     ],
                     [
                        -100.0001,
                        37.0003
                     ],
                     [
                        -100.0056,
                        36.5950
                     ],
                     [
                        -100.0056,
                        36.5019
                     ],
                     [
                        -100.5478,
                        36.5019
                     ],
                     [
                        -100.8052,
                        36.5019
                     ],
                     [
                        -100.9531,
                        36.5019
                     ],
                     [
                        -100.9476,
                        37.0003
                     ],
                     [
                        -100.6354,
                        37.0003
                     ],
                     [
                        -100.0877,
                        37.0003
                     ]
                  ]
               ]
            ]
         }
      }
   ]
}