{
   "type":"FeatureCollection",
   "properties":{
      "kind":"state",
      "state":"OK"
   },
   "features":[
      {
         "type":"Feature",
         "properties":{
            "kind":"county",
            "name":"Beckham",
            "state":"OK"
         },
         "geometry":{
            "type":"MultiPolygon",
            "coordinates":[
               [
                  [
                     [
                        -99.3647,
                        35.5105
                     ],
                     [
                        -99.3647,
                        35.4667
                     ],
                     [
                        -99.3593,
                        35.1162
                     ],
                     [
                        -99.4086,
                        35.1162
                     ],
                     [
                        -99.7098,
                        35.1162
                     ],
                     [
                        -99.7810,
                        35.1162
                     ],
                     [
                        -99.7810,
                        35.0286
                     ],
                     [
                        -99.8905,
                        35.0286
                     ],
                     [
                        -99.9344,
                        35.0286
                     ],
                     [
                        -100.0001,
                        35.0286
                     ],
                     [
                        -100.0001,
                        35.1819
                     ],
                     [
                        -100.0001,
                        35.4229
                     ],
                     [
                        -99.5784,
                        35.4229
                     ],
                     [
                        -99.5729,
                        35.5105
                     ],
                     [
                        -99.3647,
                        35.5105
                     ]
                  ]
               ]
            ]
         }
      }
   ]
}