{
   "type":"FeatureCollection",
   "properties":{
      "kind":"state",
      "state":"OK"
   },
   "features":[
      {
         "type":"Feature",
         "properties":{
            "kind":"county",
            "name":"Carter",
            "state":"OK"
         },
         "geometry":{
            "type":"MultiPolygon",
            "coordinates":[
               [
                  [
                     [
                        -97.5628,
                        34.5083
                     ],
                     [
                        -97.3547,
                        34.5083
                     ],
                     [
                        -97.3547,
                        34.3768
                     ],
                     [
                        -97.0371,
                        34.3768
                     ],
                     [
                        -97.0316,
                        34.3330
                     ],
                     [
                        -96.9330,
                        34.3330
                     ],
                     [
                        -96.9330,
                        34.1742
                     ],
                     [
                        -96.9658,
                        34.1742
                     ],
                     [
                        -96.9713,
                        34.0701
                     ],
                     [
                        -97.5628,
                        34.0701
                     ],
                     [
                        -97.5628,
                        34.2892
                     ],
                     [
                        -97.5628,
                        34.5083
                     ]
                  ]
               ]
            ]
         }
      }
   ]
}