{
   "type":"FeatureCollection",
   "properties":{
      "kind":"state",
      "state":"OK"
   },
   "features":[
      {
         "type":"Feature",
         "properties":{
            "kind":"county",
            "name":"Cherokee",
            "state":"OK"
         },
         "geometry":{
            "type":"MultiPolygon",
            "coordinates":[
               [
                  [
                     [
                        -95.0270,
                        36.1623
                     ],
                     [
                        -95.0106,
                        36.1623
                     ],
                     [
                        -94.7970,
                        36.1623
                     ],
                     [
                        -94.8079,
                        35.6365
                     ],
                     [
                        -94.8518,
                        35.6365
                     ],
                     [
                        -95.1256,
                        35.6365
                     ],
                     [
                        -95.1256,
                        35.8118
                     ],
                     [
                        -95.2680,
                        35.8118
                     ],
                     [
                        -95.2297,
                        35.8611
                     ],
                     [
                        -95.2844,
                        35.9049
                     ],
                     [
                        -95.2790,
                        35.9651
                     ],
                     [
                        -95.2351,
                        35.9925
                     ],
                     [
                        -95.2078,
                        36.0747
                     ],
                     [
                        -95.1201,
                        36.0747
                     ],
                     [
                        -95.1201,
                        36.1623
                     ],
                     [
                        -95.0270,
                        36.1623
                     ]
                  ]
               ]
            ]
         }
      }
   ]
}