{
   "type":"FeatureCollection",
   "properties":{
      "kind":"state",
      "state":"OK"
   },
   "features":[
      {
         "type":"Feature",
         "properties":{
            "kind":"county",
            "name":"Choctaw",
            "state":"OK"
         },
         "geometry":{
            "type":"MultiPolygon",
            "coordinates":[
               [
                  [
                     [
                        -95.3830,
                        34.1577
                     ],
                     [
                        -95.1585,
                        34.1577
                     ],
                     [
                        -95.1585,
                        33.9387
                     ],
                     [
                        -95.2297,
                        33.9606
                     ],
                     [
                        -95.2516,
                        33.9058
                     ],
                     [
                        -95.3118,
                        33.8784
                     ],
                     [
                        -95.5473,
                        33.8784
                     ],
                     [
                        -95.5857,
                        33.9332
                     ],
                     [
                        -95.7609,
                        33.8729
                     ],
                     [
                        -95.8431,
                        33.8729
                     ],
                     [
                        -95.9362,
                        33.9441
                     ],
                     [
                        -95.9362,
                        34.1249
                     ],
                     [
                        -95.9910,
                        34.1577
                     ],
                     [
                        -95.7774,
                        34.1577
                     ],
                     [
                        -95.3830,
                        34.1577
                     ]
                  ]
               ]
            ]
         }
      }
   ]
}