{
   "type":"FeatureCollection",
   "properties":{
      "kind":"state",
      "state":"OK"
   },
   "features":[
      {
         "type":"Feature",
         "properties":{
            "kind":"county",
            "name":"Cimarron",
            "state":"OK"
         },
         "geometry":{
            "type":"MultiPolygon",
            "coordinates":[
               [
                  [
                     [
                        -102.0430,
                        36.9948
                     ],
                     [
                        -102.0265,
                        36.9948
                     ],
                     [
                        -102.0320,
                        36.5019
                     ],
                     [
                        -102.1635,
                        36.5019
                     ],
                     [
                        -103.0014,
                        36.5019
                     ],
                     [
                        -103.0014,
                        37.0003
                     ],
                     [
                        -102.0430,
                        36.9948
                     ]
                  ]
               ]
            ]
         }
      }
   ]
}