{
   "type":"FeatureCollection",
   "properties":{
      "kind":"state",
      "state":"OK"
   },
   "features":[
      {
         "type":"Feature",
         "properties":{
            "kind":"county",
            "name":"Comanche",
            "state":"OK"
         },
         "geometry":{
            "type":"MultiPolygon",
            "coordinates":[
               [
                  [
                     [
                        -98.7951,
                        34.8533
                     ],
                     [
                        -98.6199,
                        34.8533
                     ],
                     [
                        -98.0941,
                        34.8533
                     ],
                     [
                        -98.0886,
                        34.6835
                     ],
                     [
                        -98.1434,
                        34.6835
                     ],
                     [
                        -98.1434,
                        34.5083
                     ],
                     [
                        -98.2420,
                        34.5083
                     ],
                     [
                        -98.2420,
                        34.4644
                     ],
                     [
                        -98.2967,
                        34.4480
                     ],
                     [
                        -98.5049,
                        34.4480
                     ],
                     [
                        -98.5049,
                        34.4206
                     ],
                     [
                        -98.6637,
                        34.4042
                     ],
                     [
                        -98.6637,
                        34.5083
                     ],
                     [
                        -98.8280,
                        34.5083
                     ],
                     [
                        -98.8280,
                        34.5959
                     ],
                     [
                        -98.8280,
                        34.8533
                     ],
                     [
                        -98.7951,
                        34.8533
                     ]
                  ]
               ]
            ]
         }
      }
   ]
}