{
   "type":"FeatureCollection",
   "properties":{
      "kind":"state",
      "state":"OK"
   },
   "features":[
      {
         "type":"Feature",
         "properties":{
            "kind":"county",
            "name":"Cotton",
            "state":"OK"
         },
         "geometry":{
            "type":"MultiPolygon",
            "coordinates":[
               [
                  [
                     [
                        -98.1434,
                        34.5083
                     ],
                     [
                        -98.1379,
                        34.2892
                     ],
                     [
                        -98.1379,
                        34.1413
                     ],
                     [
                        -98.1708,
                        34.1139
                     ],
                     [
                        -98.3625,
                        34.1577
                     ],
                     [
                        -98.4227,
                        34.0811
                     ],
                     [
                        -98.4884,
                        34.0646
                     ],
                     [
                        -98.6089,
                        34.1577
                     ],
                     [
                        -98.6089,
                        34.3330
                     ],
                     [
                        -98.6637,
                        34.3330
                     ],
                     [
                        -98.6637,
                        34.4042
                     ],
                     [
                        -98.5049,
                        34.4206
                     ],
                     [
                        -98.5049,
                        34.4480
                     ],
                     [
                        -98.2967,
                        34.4480
                     ],
                     [
                        -98.2420,
                        34.4644
                     ],
                     [
                        -98.2420,
                        34.5083
                     ],
                     [
                        -98.1434,
                        34.5083
                     ],
                     [
                        -98.1434,
                        34.5083
                     ]
                  ]
               ]
            ]
         }
      }
   ]
}