{
   "type":"FeatureCollection",
   "properties":{
      "kind":"state",
      "state":"OK"
   },
   "features":[
      {
         "type":"Feature",
         "properties":{
            "kind":"county",
            "name":"Craig",
            "state":"OK"
         },
         "geometry":{
            "type":"MultiPolygon",
            "coordinates":[
               [
                  [
                     [
                        -95.1530,
                        37.0003
                     ],
                     [
                        -95.0708,
                        37.0003
                     ],
                     [
                        -95.0051,
                        37.0003
                     ],
                     [
                        -95.0380,
                        36.9729
                     ],
                     [
                        -94.9942,
                        36.9510
                     ],
                     [
                        -94.9996,
                        36.6716
                     ],
                     [
                        -95.0051,
                        36.5073
                     ],
                     [
                        -95.3228,
                        36.5128
                     ],
                     [
                        -95.3282,
                        36.5128
                     ],
                     [
                        -95.3282,
                        36.5950
                     ],
                     [
                        -95.4323,
                        36.5950
                     ],
                     [
                        -95.4323,
                        36.9455
                     ],
                     [
                        -95.4104,
                        36.9400
                     ],
                     [
                        -95.4104,
                        37.0003
                     ],
                     [
                        -95.1530,
                        37.0003
                     ]
                  ]
               ]
            ]
         }
      }
   ]
}