{
   "type":"FeatureCollection",
   "properties":{
      "kind":"state",
      "state":"OK"
   },
   "features":[
      {
         "type":"Feature",
         "properties":{
            "kind":"county",
            "name":"Delaware",
            "state":"OK"
         },
         "geometry":{
            "type":"MultiPolygon",
            "coordinates":[
               [
                  [
                     [
                        -94.8901,
                        36.6716
                     ],
                     [
                        -94.6162,
                        36.6662
                     ],
                     [
                        -94.6162,
                        36.5019
                     ],
                     [
                        -94.5615,
                        36.1623
                     ],
                     [
                        -94.7696,
                        36.1623
                     ],
                     [
                        -94.7970,
                        36.1623
                     ],
                     [
                        -95.0106,
                        36.1623
                     ],
                     [
                        -95.0051,
                        36.5073
                     ],
                     [
                        -94.9996,
                        36.6716
                     ],
                     [
                        -94.8901,
                        36.6716
                     ]
                  ]
               ]
            ]
         }
      }
   ]
}