{
   "type":"FeatureCollection",
   "properties":{
      "kind":"state",
      "state":"OK"
   },
   "features":[
      {
         "type":"Feature",
         "properties":{
            "kind":"county",
            "name":"Ellis",
            "state":"OK"
         },
         "geometry":{
            "type":"MultiPolygon",
            "coordinates":[
               [
                  [
                     [
                        -99.6057,
                        36.5950
                     ],
                     [
                        -99.5948,
                        36.1623
                     ],
                     [
                        -99.3812,
                        36.1623
                     ],
                     [
                        -99.3812,
                        36.0144
                     ],
                     [
                        -99.4852,
                        35.9870
                     ],
                     [
                        -99.5564,
                        35.8665
                     ],
                     [
                        -99.6222,
                        35.8446
                     ],
                     [
                        -99.7755,
                        35.8884
                     ],
                     [
                        -99.8303,
                        36.0089
                     ],
                     [
                        -99.8960,
                        35.9870
                     ],
                     [
                        -99.9070,
                        35.9268
                     ],
                     [
                        -100.0001,
                        35.8830
                     ],
                     [
                        -100.0001,
                        36.0582
                     ],
                     [
                        -100.0056,
                        36.5019
                     ],
                     [
                        -100.0056,
                        36.5950
                     ],
                     [
                        -99.6057,
                        36.5950
                     ]
                  ]
               ]
            ]
         }
      }
   ]
}