{
   "type":"FeatureCollection",
   "properties":{
      "kind":"state",
      "state":"OK"
   },
   "features":[
      {
         "type":"Feature",
         "properties":{
            "kind":"county",
            "name":"Grady",
            "state":"OK"
         },
         "geometry":{
            "type":"MultiPolygon",
            "coordinates":[
               [
                  [
                     [
                        -98.0941,
                        35.3791
                     ],
                     [
                        -97.6724,
                        35.3353
                     ],
                     [
                        -97.6669,
                        34.8533
                     ],
                     [
                        -97.6669,
                        34.6835
                     ],
                     [
                        -97.9955,
                        34.6835
                     ],
                     [
                        -98.0886,
                        34.6835
                     ],
                     [
                        -98.0941,
                        34.8533
                     ],
                     [
                        -98.0941,
                        35.3791
                     ]
                  ]
               ]
            ]
         }
      }
   ]
}