{
   "type":"FeatureCollection",
   "properties":{
      "kind":"state",
      "state":"OK"
   },
   "features":[
      {
         "type":"Feature",
         "properties":{
            "kind":"county",
            "name":"Grant",
            "state":"OK"
         },
         "geometry":{
            "type":"MultiPolygon",
            "coordinates":[
               [
                  [
                     [
                        -97.6505,
                        37.0003
                     ],
                     [
                        -97.4643,
                        37.0003
                     ],
                     [
                        -97.4643,
                        36.5950
                     ],
                     [
                        -97.9846,
                        36.5950
                     ],
                     [
                        -98.1051,
                        36.5950
                     ],
                     [
                        -98.1105,
                        37.0003
                     ],
                     [
                        -97.8038,
                        37.0003
                     ],
                     [
                        -97.6505,
                        37.0003
                     ]
                  ]
               ]
            ]
         }
      }
   ]
}