{
   "type":"FeatureCollection",
   "properties":{
      "kind":"state",
      "state":"OK"
   },
   "features":[
      {
         "type":"Feature",
         "properties":{
            "kind":"county",
            "name":"Greer",
            "state":"OK"
         },
         "geometry":{
            "type":"MultiPolygon",
            "coordinates":[
               [
                  [
                     [
                        -99.7098,
                        35.1162
                     ],
                     [
                        -99.4086,
                        35.1162
                     ],
                     [
                        -99.3209,
                        35.0395
                     ],
                     [
                        -99.3483,
                        34.9847
                     ],
                     [
                        -99.2881,
                        34.9026
                     ],
                     [
                        -99.3155,
                        34.8697
                     ],
                     [
                        -99.2443,
                        34.8204
                     ],
                     [
                        -99.3976,
                        34.8150
                     ],
                     [
                        -99.4031,
                        34.7711
                     ],
                     [
                        -99.4414,
                        34.7602
                     ],
                     [
                        -99.4250,
                        34.7273
                     ],
                     [
                        -99.6660,
                        34.7273
                     ],
                     [
                        -99.6824,
                        34.7657
                     ],
                     [
                        -99.7208,
                        34.7657
                     ],
                     [
                        -99.7317,
                        34.9464
                     ],
                     [
                        -99.8905,
                        34.9464
                     ],
                     [
                        -99.8905,
                        35.0286
                     ],
                     [
                        -99.7810,
                        35.0286
                     ],
                     [
                        -99.7810,
                        35.1162
                     ],
                     [
                        -99.7098,
                        35.1162
                     ]
                  ]
               ]
            ]
         }
      }
   ]
}