{
   "type":"FeatureCollection",
   "properties":{
      "kind":"state",
      "state":"OK"
   },
   "features":[
      {
         "type":"Feature",
         "properties":{
            "kind":"county",
            "name":"Harmon",
            "state":"OK"
         },
         "geometry":{
            "type":"MultiPolygon",
            "coordinates":[
               [
                  [
                     [
                        -99.9344,
                        35.0286
                     ],
                     [
                        -99.8905,
                        35.0286
                     ],
                     [
                        -99.8905,
                        34.9464
                     ],
                     [
                        -99.7317,
                        34.9464
                     ],
                     [
                        -99.7208,
                        34.7657
                     ],
                     [
                        -99.6824,
                        34.7657
                     ],
                     [
                        -99.6660,
                        34.7273
                     ],
                     [
                        -99.6660,
                        34.5083
                     ],
                     [
                        -99.8467,
                        34.5083
                     ],
                     [
                        -99.9289,
                        34.5740
                     ],
                     [
                        -100.0001,
                        34.5630
                     ],
                     [
                        -100.0001,
                        34.7438
                     ],
                     [
                        -100.0001,
                        35.0286
                     ],
                     [
                        -99.9344,
                        35.0286
                     ]
                  ]
               ]
            ]
         }
      }
   ]
}