{
   "type":"FeatureCollection",
   "properties":{
      "kind":"state",
      "state":"OK"
   },
   "features":[
      {
         "type":"Feature",
         "properties":{
            "kind":"county",
            "name":"Harper",
            "state":"OK"
         },
         "geometry":{
            "type":"MultiPolygon",
            "coordinates":[
               [
                  [
                     [
                        -100.0001,
                        37.0003
                     ],
                     [
                        -99.5400,
                        37.0003
                     ],
                     [
                        -99.4579,
                        37.0003
                     ],
                     [
                        -99.2935,
                        36.8195
                     ],
                     [
                        -99.2935,
                        36.5950
                     ],
                     [
                        -99.6057,
                        36.5950
                     ],
                     [
                        -100.0056,
                        36.5950
                     ],
                     [
                        -100.0001,
                        37.0003
                     ]
                  ]
               ]
            ]
         }
      }
   ]
}