{
   "type":"FeatureCollection",
   "properties":{
      "kind":"state",
      "state":"OK"
   },
   "features":[
      {
         "type":"Feature",
         "properties":{
            "kind":"county",
            "name":"Haskell",
            "state":"OK"
         },
         "geometry":{
            "type":"MultiPolygon",
            "coordinates":[
               [
                  [
                     [
                        -95.0489,
                        35.4612
                     ],
                     [
                        -95.0051,
                        35.4120
                     ],
                     [
                        -94.9010,
                        35.3955
                     ],
                     [
                        -94.9120,
                        35.3462
                     ],
                     [
                        -94.8408,
                        35.3736
                     ],
                     [
                        -94.8134,
                        35.3243
                     ],
                     [
                        -94.8134,
                        35.2038
                     ],
                     [
                        -94.9284,
                        35.2038
                     ],
                     [
                        -94.9284,
                        35.0559
                     ],
                     [
                        -95.3337,
                        35.0559
                     ],
                     [
                        -95.3502,
                        35.0559
                     ],
                     [
                        -95.3502,
                        35.1600
                     ],
                     [
                        -95.4542,
                        35.1600
                     ],
                     [
                        -95.4487,
                        35.2969
                     ],
                     [
                        -95.3885,
                        35.3298
                     ],
                     [
                        -95.3447,
                        35.2915
                     ],
                     [
                        -95.2297,
                        35.2641
                     ],
                     [
                        -95.0489,
                        35.4612
                     ]
                  ]
               ]
            ]
         }
      }
   ]
}