{
   "type":"FeatureCollection",
   "properties":{
      "kind":"state",
      "state":"OK"
   },
   "features":[
      {
         "type":"Feature",
         "properties":{
            "kind":"county",
            "name":"Hughes",
            "state":"OK"
         },
         "geometry":{
            "type":"MultiPolygon",
            "coordinates":[
               [
                  [
                     [
                        -96.1991,
                        35.2915
                     ],
                     [
                        -95.9800,
                        35.2915
                     ],
                     [
                        -95.9855,
                        35.1491
                     ],
                     [
                        -96.0895,
                        35.0505
                     ],
                     [
                        -96.0895,
                        34.7657
                     ],
                     [
                        -96.4072,
                        34.7657
                     ],
                     [
                        -96.4072,
                        34.9300
                     ],
                     [
                        -96.4236,
                        34.9026
                     ],
                     [
                        -96.4894,
                        34.9081
                     ],
                     [
                        -96.4894,
                        35.1162
                     ],
                     [
                        -96.4401,
                        35.1162
                     ],
                     [
                        -96.4401,
                        35.2915
                     ],
                     [
                        -96.1991,
                        35.2915
                     ]
                  ]
               ]
            ]
         }
      }
   ]
}