{
   "type":"FeatureCollection",
   "properties":{
      "kind":"state",
      "state":"OK"
   },
   "features":[
      {
         "type":"Feature",
         "properties":{
            "kind":"county",
            "name":"Jefferson",
            "state":"OK"
         },
         "geometry":{
            "type":"MultiPolygon",
            "coordinates":[
               [
                  [
                     [
                        -98.0612,
                        34.2892
                     ],
                     [
                        -97.5628,
                        34.2892
                     ],
                     [
                        -97.5628,
                        34.0701
                     ],
                     [
                        -97.5355,
                        33.9825
                     ],
                     [
                        -97.5628,
                        33.9825
                     ],
                     [
                        -97.5628,
                        33.8948
                     ],
                     [
                        -97.5957,
                        33.9113
                     ],
                     [
                        -97.5902,
                        33.9551
                     ],
                     [
                        -97.6724,
                        33.9934
                     ],
                     [
                        -97.8367,
                        33.8565
                     ],
                     [
                        -97.9791,
                        33.8894
                     ],
                     [
                        -97.9462,
                        33.9879
                     ],
                     [
                        -98.0886,
                        34.0044
                     ],
                     [
                        -98.1215,
                        34.0811
                     ],
                     [
                        -98.0886,
                        34.1303
                     ],
                     [
                        -98.1379,
                        34.1413
                     ],
                     [
                        -98.1379,
                        34.2892
                     ],
                     [
                        -98.0612,
                        34.2892
                     ]
                  ]
               ]
            ]
         }
      }
   ]
}