{
   "type":"FeatureCollection",
   "properties":{
      "kind":"state",
      "state":"OK"
   },
   "features":[
      {
         "type":"Feature",
         "properties":{
            "kind":"county",
            "name":"Johnston",
            "state":"OK"
         },
         "geometry":{
            "type":"MultiPolygon",
            "coordinates":[
               [
                  [
                     [
                        -96.8782,
                        34.5028
                     ],
                     [
                        -96.8289,
                        34.5083
                     ],
                     [
                        -96.5113,
                        34.5028
                     ],
                     [
                        -96.5113,
                        34.4206
                     ],
                     [
                        -96.4072,
                        34.4206
                     ],
                     [
                        -96.4072,
                        34.1577
                     ],
                     [
                        -96.4127,
                        34.1577
                     ],
                     [
                        -96.4565,
                        34.1577
                     ],
                     [
                        -96.4565,
                        34.1139
                     ],
                     [
                        -96.5879,
                        34.1139
                     ],
                     [
                        -96.6372,
                        34.1687
                     ],
                     [
                        -96.9330,
                        34.1742
                     ],
                     [
                        -96.9330,
                        34.3330
                     ],
                     [
                        -96.8837,
                        34.3330
                     ],
                     [
                        -96.8782,
                        34.5028
                     ]
                  ]
               ]
            ]
         }
      }
   ]
}