{
   "type":"FeatureCollection",
   "properties":{
      "kind":"state",
      "state":"OK"
   },
   "features":[
      {
         "type":"Feature",
         "properties":{
            "kind":"county",
            "name":"Kay",
            "state":"OK"
         },
         "geometry":{
            "type":"MultiPolygon",
            "coordinates":[
               [
                  [
                     [
                        -96.8673,
                        37.0003
                     ],
                     [
                        -96.7522,
                        37.0003
                     ],
                     [
                        -96.7522,
                        36.7812
                     ],
                     [
                        -96.8892,
                        36.7538
                     ],
                     [
                        -96.9330,
                        36.6881
                     ],
                     [
                        -97.0480,
                        36.6936
                     ],
                     [
                        -97.0590,
                        36.5950
                     ],
                     [
                        -97.4643,
                        36.5950
                     ],
                     [
                        -97.4643,
                        36.5950
                     ],
                     [
                        -97.4643,
                        37.0003
                     ],
                     [
                        -97.1466,
                        37.0003
                     ],
                     [
                        -96.8673,
                        37.0003
                     ]
                  ]
               ]
            ]
         }
      }
   ]
}