{
   "type":"FeatureCollection",
   "properties":{
      "kind":"state",
      "state":"OK"
   },
   "features":[
      {
         "type":"Feature",
         "properties":{
            "kind":"county",
            "name":"Kiowa",
            "state":"OK"
         },
         "geometry":{
            "type":"MultiPolygon",
            "coordinates":[
               [
                  [
                     [
                        -99.1840,
                        35.1162
                     ],
                     [
                        -98.7349,
                        35.0998
                     ],
                     [
                        -98.6527,
                        35.1217
                     ],
                     [
                        -98.6199,
                        35.0998
                     ],
                     [
                        -98.6199,
                        34.8533
                     ],
                     [
                        -98.7951,
                        34.8533
                     ],
                     [
                        -98.8280,
                        34.8533
                     ],
                     [
                        -98.8280,
                        34.5959
                     ],
                     [
                        -99.0033,
                        34.5959
                     ],
                     [
                        -99.0033,
                        34.6397
                     ],
                     [
                        -99.1019,
                        34.6397
                     ],
                     [
                        -99.0964,
                        34.6726
                     ],
                     [
                        -99.0361,
                        34.6890
                     ],
                     [
                        -99.1566,
                        34.7109
                     ],
                     [
                        -99.1457,
                        34.8478
                     ],
                     [
                        -99.1895,
                        34.8588
                     ],
                     [
                        -99.2443,
                        34.8204
                     ],
                     [
                        -99.3155,
                        34.8697
                     ],
                     [
                        -99.2881,
                        34.9026
                     ],
                     [
                        -99.3483,
                        34.9847
                     ],
                     [
                        -99.3209,
                        35.0395
                     ],
                     [
                        -99.4086,
                        35.1162
                     ],
                     [
                        -99.3593,
                        35.1162
                     ],
                     [
                        -99.1840,
                        35.1162
                     ]
                  ]
               ]
            ]
         }
      }
   ]
}