{
   "type":"FeatureCollection",
   "properties":{
      "kind":"state",
      "state":"OK"
   },
   "features":[
      {
         "type":"Feature",
         "properties":{
            "kind":"county",
            "name":"Le Flore",
            "state":"OK"
         },
         "geometry":{
            "type":"MultiPolygon",
            "coordinates":[
               [
                  [
                     [
                        -94.4300,
                        35.3791
                     ],
                     [
                        -94.4465,
                        34.9355
                     ],
                     [
                        -94.4519,
                        34.7273
                     ],
                     [
                        -94.4629,
                        34.5083
                     ],
                     [
                        -94.6162,
                        34.5083
                     ],
                     [
                        -94.9394,
                        34.5083
                     ],
                     [
                        -94.9394,
                        34.6780
                     ],
                     [
                        -95.0599,
                        34.6780
                     ],
                     [
                        -95.0599,
                        34.8533
                     ],
                     [
                        -94.9996,
                        34.8533
                     ],
                     [
                        -94.9996,
                        34.9409
                     ],
                     [
                        -94.9284,
                        34.9409
                     ],
                     [
                        -94.9284,
                        35.0559
                     ],
                     [
                        -94.9284,
                        35.2038
                     ],
                     [
                        -94.8134,
                        35.2038
                     ],
                     [
                        -94.8134,
                        35.3243
                     ],
                     [
                        -94.7477,
                        35.3572
                     ],
                     [
                        -94.6655,
                        35.2915
                     ],
                     [
                        -94.5943,
                        35.3298
                     ],
                     [
                        -94.4957,
                        35.3024
                     ],
                     [
                        -94.4848,
                        35.3681
                     ],
                     [
                        -94.4300,
                        35.3791
                     ]
                  ]
               ]
            ]
         }
      }
   ]
}