{
   "type":"FeatureCollection",
   "properties":{
      "kind":"state",
      "state":"OK"
   },
   "features":[
      {
         "type":"Feature",
         "properties":{
            "kind":"county",
            "name":"Logan",
            "state":"OK"
         },
         "geometry":{
            "type":"MultiPolygon",
            "coordinates":[
               [
                  [
                     [
                        -97.6779,
                        36.1623
                     ],
                     [
                        -97.4588,
                        36.1623
                     ],
                     [
                        -97.3547,
                        36.1568
                     ],
                     [
                        -97.3547,
                        35.9870
                     ],
                     [
                        -97.3109,
                        36.0089
                     ],
                     [
                        -97.2780,
                        35.9761
                     ],
                     [
                        -97.1411,
                        35.9432
                     ],
                     [
                        -97.1411,
                        35.7241
                     ],
                     [
                        -97.6724,
                        35.7241
                     ],
                     [
                        -97.6779,
                        36.1623
                     ]
                  ]
               ]
            ]
         }
      }
   ]
}