{
   "type":"FeatureCollection",
   "properties":{
      "kind":"state",
      "state":"OK"
   },
   "features":[
      {
         "type":"Feature",
         "properties":{
            "kind":"county",
            "name":"Love",
            "state":"OK"
         },
         "geometry":{
            "type":"MultiPolygon",
            "coordinates":[
               [
                  [
                     [
                        -97.5628,
                        34.0701
                     ],
                     [
                        -96.9713,
                        34.0701
                     ],
                     [
                        -96.9330,
                        33.9551
                     ],
                     [
                        -96.9439,
                        33.9496
                     ],
                     [
                        -96.9932,
                        33.9496
                     ],
                     [
                        -96.9878,
                        33.8839
                     ],
                     [
                        -97.0918,
                        33.8017
                     ],
                     [
                        -97.0863,
                        33.7415
                     ],
                     [
                        -97.1192,
                        33.7196
                     ],
                     [
                        -97.1740,
                        33.7360
                     ],
                     [
                        -97.2068,
                        33.8017
                     ],
                     [
                        -97.1685,
                        33.8455
                     ],
                     [
                        -97.2068,
                        33.9167
                     ],
                     [
                        -97.2561,
                        33.8620
                     ],
                     [
                        -97.3328,
                        33.8729
                     ],
                     [
                        -97.3657,
                        33.8236
                     ],
                     [
                        -97.4095,
                        33.8182
                     ],
                     [
                        -97.4588,
                        33.8346
                     ],
                     [
                        -97.4533,
                        33.8894
                     ],
                     [
                        -97.4862,
                        33.9167
                     ],
                     [
                        -97.5628,
                        33.8948
                     ],
                     [
                        -97.5628,
                        33.9825
                     ],
                     [
                        -97.5355,
                        33.9825
                     ],
                     [
                        -97.5628,
                        34.0701
                     ]
                  ]
               ]
            ]
         }
      }
   ]
}