{
   "type":"FeatureCollection",
   "properties":{
      "kind":"state",
      "state":"OK"
   },
   "features":[
      {
         "type":"Feature",
         "properties":{
            "kind":"county",
            "name":"Major",
            "state":"OK"
         },
         "geometry":{
            "type":"MultiPolygon",
            "coordinates":[
               [
                  [
                     [
                        -98.9595,
                        36.5019
                     ],
                     [
                        -98.9595,
                        36.5073
                     ],
                     [
                        -98.8444,
                        36.5073
                     ],
                     [
                        -98.8061,
                        36.4580
                     ],
                     [
                        -98.6254,
                        36.3923
                     ],
                     [
                        -98.5323,
                        36.3978
                     ],
                     [
                        -98.5323,
                        36.4635
                     ],
                     [
                        -98.1051,
                        36.4635
                     ],
                     [
                        -98.1051,
                        36.1623
                     ],
                     [
                        -98.2091,
                        36.1623
                     ],
                     [
                        -98.4884,
                        36.1623
                     ],
                     [
                        -98.6363,
                        36.1623
                     ],
                     [
                        -98.9540,
                        36.1623
                     ],
                     [
                        -98.9595,
                        36.5019
                     ]
                  ]
               ]
            ]
         }
      }
   ]
}