{
   "type":"FeatureCollection",
   "properties":{
      "kind":"state",
      "state":"OK"
   },
   "features":[
      {
         "type":"Feature",
         "properties":{
            "kind":"county",
            "name":"Marshall",
            "state":"OK"
         },
         "geometry":{
            "type":"MultiPolygon",
            "coordinates":[
               [
                  [
                     [
                        -96.9330,
                        34.1742
                     ],
                     [
                        -96.6372,
                        34.1687
                     ],
                     [
                        -96.5879,
                        34.1139
                     ],
                     [
                        -96.5496,
                        34.0646
                     ],
                     [
                        -96.5770,
                        34.0099
                     ],
                     [
                        -96.6263,
                        34.0099
                     ],
                     [
                        -96.5770,
                        33.9660
                     ],
                     [
                        -96.5879,
                        33.8948
                     ],
                     [
                        -96.6646,
                        33.9167
                     ],
                     [
                        -96.6975,
                        33.8401
                     ],
                     [
                        -96.7632,
                        33.8236
                     ],
                     [
                        -96.7961,
                        33.8675
                     ],
                     [
                        -96.8673,
                        33.8510
                     ],
                     [
                        -96.9056,
                        33.9496
                     ],
                     [
                        -96.9330,
                        33.9551
                     ],
                     [
                        -96.9713,
                        34.0701
                     ],
                     [
                        -96.9658,
                        34.1742
                     ],
                     [
                        -96.9330,
                        34.1742
                     ]
                  ]
               ]
            ]
         }
      }
   ]
}