{
   "type":"FeatureCollection",
   "properties":{
      "kind":"state",
      "state":"OK"
   },
   "features":[
      {
         "type":"Feature",
         "properties":{
            "kind":"county",
            "name":"McClain",
            "state":"OK"
         },
         "geometry":{
            "type":"MultiPolygon",
            "coordinates":[
               [
                  [
                     [
                        -97.6724,
                        35.3353
                     ],
                     [
                        -97.5738,
                        35.2969
                     ],
                     [
                        -97.5628,
                        35.2312
                     ],
                     [
                        -97.4095,
                        35.1381
                     ],
                     [
                        -97.4040,
                        35.0888
                     ],
                     [
                        -97.3547,
                        35.0724
                     ],
                     [
                        -97.3383,
                        34.9628
                     ],
                     [
                        -97.1411,
                        34.9300
                     ],
                     [
                        -97.0151,
                        34.9081
                     ],
                     [
                        -96.9330,
                        34.9628
                     ],
                     [
                        -96.9330,
                        34.8533
                     ],
                     [
                        -97.4259,
                        34.8533
                     ],
                     [
                        -97.6669,
                        34.8533
                     ],
                     [
                        -97.6724,
                        35.3353
                     ],
                     [
                        -97.6724,
                        35.3353
                     ]
                  ]
               ]
            ]
         }
      }
   ]
}