{
   "type":"FeatureCollection",
   "properties":{
      "kind":"state",
      "state":"OK"
   },
   "features":[
      {
         "type":"Feature",
         "properties":{
            "kind":"county",
            "name":"McCurtain",
            "state":"OK"
         },
         "geometry":{
            "type":"MultiPolygon",
            "coordinates":[
               [
                  [
                     [
                        -94.6162,
                        34.5083
                     ],
                     [
                        -94.4629,
                        34.5083
                     ],
                     [
                        -94.4684,
                        34.1906
                     ],
                     [
                        -94.4793,
                        33.9387
                     ],
                     [
                        -94.4848,
                        33.6374
                     ],
                     [
                        -94.5231,
                        33.6155
                     ],
                     [
                        -94.5779,
                        33.6758
                     ],
                     [
                        -94.7367,
                        33.7031
                     ],
                     [
                        -94.7696,
                        33.7524
                     ],
                     [
                        -94.8682,
                        33.7470
                     ],
                     [
                        -94.9668,
                        33.8620
                     ],
                     [
                        -95.0489,
                        33.8620
                     ],
                     [
                        -95.1585,
                        33.9387
                     ],
                     [
                        -95.1585,
                        34.1577
                     ],
                     [
                        -95.1530,
                        34.2454
                     ],
                     [
                        -95.0489,
                        34.2454
                     ],
                     [
                        -95.0489,
                        34.5083
                     ],
                     [
                        -94.9394,
                        34.5083
                     ],
                     [
                        -94.6162,
                        34.5083
                     ]
                  ]
               ]
            ]
         }
      }
   ]
}