{
   "type":"FeatureCollection",
   "properties":{
      "kind":"state",
      "state":"OK"
   },
   "features":[
      {
         "type":"Feature",
         "properties":{
            "kind":"county",
            "name":"McIntosh",
            "state":"OK"
         },
         "geometry":{
            "type":"MultiPolygon",
            "coordinates":[
               [
                  [
                     [
                        -95.4761,
                        35.5544
                     ],
                     [
                        -95.3447,
                        35.5544
                     ],
                     [
                        -95.3447,
                        35.2915
                     ],
                     [
                        -95.3885,
                        35.3298
                     ],
                     [
                        -95.4487,
                        35.2969
                     ],
                     [
                        -95.5035,
                        35.3024
                     ],
                     [
                        -95.5145,
                        35.2641
                     ],
                     [
                        -95.6021,
                        35.2203
                     ],
                     [
                        -95.6130,
                        35.2476
                     ],
                     [
                        -95.7062,
                        35.2038
                     ],
                     [
                        -95.7554,
                        35.1764
                     ],
                     [
                        -95.8705,
                        35.1874
                     ],
                     [
                        -95.9088,
                        35.1436
                     ],
                     [
                        -95.9855,
                        35.1491
                     ],
                     [
                        -95.9800,
                        35.2915
                     ],
                     [
                        -95.9800,
                        35.3791
                     ],
                     [
                        -95.8759,
                        35.3791
                     ],
                     [
                        -95.8759,
                        35.4612
                     ],
                     [
                        -95.8212,
                        35.4612
                     ],
                     [
                        -95.8212,
                        35.5544
                     ],
                     [
                        -95.7116,
                        35.5544
                     ],
                     [
                        -95.4761,
                        35.5544
                     ]
                  ]
               ]
            ]
         }
      }
   ]
}