{
   "type":"FeatureCollection",
   "properties":{
      "kind":"state",
      "state":"OK"
   },
   "features":[
      {
         "type":"Feature",
         "properties":{
            "kind":"county",
            "name":"Murray",
            "state":"OK"
         },
         "geometry":{
            "type":"MultiPolygon",
            "coordinates":[
               [
                  [
                     [
                        -97.0918,
                        34.6397
                     ],
                     [
                        -96.9330,
                        34.6342
                     ],
                     [
                        -96.9330,
                        34.5904
                     ],
                     [
                        -96.8289,
                        34.5959
                     ],
                     [
                        -96.8289,
                        34.5083
                     ],
                     [
                        -96.8782,
                        34.5028
                     ],
                     [
                        -96.8837,
                        34.3330
                     ],
                     [
                        -96.9330,
                        34.3330
                     ],
                     [
                        -97.0316,
                        34.3330
                     ],
                     [
                        -97.0371,
                        34.3768
                     ],
                     [
                        -97.3547,
                        34.3768
                     ],
                     [
                        -97.3547,
                        34.5083
                     ],
                     [
                        -97.1466,
                        34.5083
                     ],
                     [
                        -97.2014,
                        34.6233
                     ],
                     [
                        -97.0918,
                        34.6397
                     ]
                  ]
               ]
            ]
         }
      }
   ]
}