{
   "type":"FeatureCollection",
   "properties":{
      "kind":"state",
      "state":"OK"
   },
   "features":[
      {
         "type":"Feature",
         "properties":{
            "kind":"county",
            "name":"Muskogee",
            "state":"OK"
         },
         "geometry":{
            "type":"MultiPolygon",
            "coordinates":[
               [
                  [
                     [
                        -95.6569,
                        35.8556
                     ],
                     [
                        -95.6404,
                        35.7899
                     ],
                     [
                        -95.5911,
                        35.7625
                     ],
                     [
                        -95.4816,
                        35.8008
                     ],
                     [
                        -95.2680,
                        35.8118
                     ],
                     [
                        -95.1256,
                        35.8118
                     ],
                     [
                        -95.1256,
                        35.6365
                     ],
                     [
                        -95.1311,
                        35.5270
                     ],
                     [
                        -95.0873,
                        35.4612
                     ],
                     [
                        -95.0489,
                        35.4612
                     ],
                     [
                        -95.2297,
                        35.2641
                     ],
                     [
                        -95.3447,
                        35.2915
                     ],
                     [
                        -95.3447,
                        35.5544
                     ],
                     [
                        -95.4761,
                        35.5544
                     ],
                     [
                        -95.7116,
                        35.5544
                     ],
                     [
                        -95.7116,
                        35.7241
                     ],
                     [
                        -95.7664,
                        35.7241
                     ],
                     [
                        -95.7664,
                        35.8556
                     ],
                     [
                        -95.6569,
                        35.8556
                     ]
                  ]
               ]
            ]
         }
      }
   ]
}