{
   "type":"FeatureCollection",
   "properties":{
      "kind":"state",
      "state":"OK"
   },
   "features":[
      {
         "type":"Feature",
         "properties":{
            "kind":"county",
            "name":"Noble",
            "state":"OK"
         },
         "geometry":{
            "type":"MultiPolygon",
            "coordinates":[
               [
                  [
                     [
                        -97.4643,
                        36.5950
                     ],
                     [
                        -97.0590,
                        36.5950
                     ],
                     [
                        -96.9220,
                        36.6004
                     ],
                     [
                        -96.8892,
                        36.5731
                     ],
                     [
                        -97.0097,
                        36.5073
                     ],
                     [
                        -97.0316,
                        36.5073
                     ],
                     [
                        -97.0316,
                        36.3321
                     ],
                     [
                        -96.9275,
                        36.3321
                     ],
                     [
                        -96.9275,
                        36.2444
                     ],
                     [
                        -97.0316,
                        36.2444
                     ],
                     [
                        -97.1411,
                        36.2444
                     ],
                     [
                        -97.1411,
                        36.1568
                     ],
                     [
                        -97.3547,
                        36.1568
                     ],
                     [
                        -97.4588,
                        36.1623
                     ],
                     [
                        -97.4643,
                        36.5950
                     ]
                  ]
               ]
            ]
         }
      }
   ]
}