{
   "type":"FeatureCollection",
   "properties":{
      "kind":"state",
      "state":"OK"
   },
   "features":[
      {
         "type":"Feature",
         "properties":{
            "kind":"county",
            "name":"Nowata",
            "state":"OK"
         },
         "geometry":{
            "type":"MultiPolygon",
            "coordinates":[
               [
                  [
                     [
                        -95.6130,
                        37.0003
                     ],
                     [
                        -95.5199,
                        37.0003
                     ],
                     [
                        -95.4104,
                        37.0003
                     ],
                     [
                        -95.4104,
                        36.9400
                     ],
                     [
                        -95.4323,
                        36.9455
                     ],
                     [
                        -95.4323,
                        36.5950
                     ],
                     [
                        -95.8102,
                        36.5950
                     ],
                     [
                        -95.7883,
                        37.0003
                     ],
                     [
                        -95.6130,
                        37.0003
                     ]
                  ]
               ]
            ]
         }
      }
   ]
}