{
   "type":"FeatureCollection",
   "properties":{
      "kind":"state",
      "state":"OK"
   },
   "features":[
      {
         "type":"Feature",
         "properties":{
            "kind":"county",
            "name":"Okfuskee",
            "state":"OK"
         },
         "geometry":{
            "type":"MultiPolygon",
            "coordinates":[
               [
                  [
                     [
                        -96.4784,
                        35.6365
                     ],
                     [
                        -96.1936,
                        35.6365
                     ],
                     [
                        -96.1936,
                        35.5544
                     ],
                     [
                        -96.0895,
                        35.5544
                     ],
                     [
                        -96.0895,
                        35.3791
                     ],
                     [
                        -95.9800,
                        35.3791
                     ],
                     [
                        -95.9800,
                        35.2915
                     ],
                     [
                        -96.1991,
                        35.2915
                     ],
                     [
                        -96.4401,
                        35.2915
                     ],
                     [
                        -96.4401,
                        35.4667
                     ],
                     [
                        -96.4948,
                        35.4284
                     ],
                     [
                        -96.5715,
                        35.4393
                     ],
                     [
                        -96.5332,
                        35.3900
                     ],
                     [
                        -96.6263,
                        35.4010
                     ],
                     [
                        -96.6263,
                        35.4612
                     ],
                     [
                        -96.6208,
                        35.6365
                     ],
                     [
                        -96.4784,
                        35.6365
                     ]
                  ]
               ]
            ]
         }
      }
   ]
}