{
   "type":"FeatureCollection",
   "properties":{
      "kind":"state",
      "state":"OK"
   },
   "features":[
      {
         "type":"Feature",
         "properties":{
            "kind":"county",
            "name":"Okmulgee",
            "state":"OK"
         },
         "geometry":{
            "type":"MultiPolygon",
            "coordinates":[
               [
                  [
                     [
                        -96.1388,
                        35.8556
                     ],
                     [
                        -96.0348,
                        35.8556
                     ],
                     [
                        -95.8212,
                        35.8556
                     ],
                     [
                        -95.7664,
                        35.8556
                     ],
                     [
                        -95.7664,
                        35.7241
                     ],
                     [
                        -95.7116,
                        35.7241
                     ],
                     [
                        -95.7116,
                        35.5544
                     ],
                     [
                        -95.8212,
                        35.5544
                     ],
                     [
                        -95.8212,
                        35.4612
                     ],
                     [
                        -95.8759,
                        35.4612
                     ],
                     [
                        -95.8759,
                        35.3791
                     ],
                     [
                        -95.9800,
                        35.3791
                     ],
                     [
                        -96.0895,
                        35.3791
                     ],
                     [
                        -96.0895,
                        35.5544
                     ],
                     [
                        -96.1936,
                        35.5544
                     ],
                     [
                        -96.1936,
                        35.6365
                     ],
                     [
                        -96.1936,
                        35.8556
                     ],
                     [
                        -96.1388,
                        35.8556
                     ]
                  ]
               ]
            ]
         }
      }
   ]
}