{
   "type":"FeatureCollection",
   "properties":{
      "kind":"state",
      "state":"OK"
   },
   "features":[
      {
         "type":"Feature",
         "properties":{
            "kind":"county",
            "name":"Osage",
            "state":"OK"
         },
         "geometry":{
            "type":"MultiPolygon",
            "coordinates":[
               [
                  [
                     [
                        -96.7303,
                        37.0003
                     ],
                     [
                        -96.5277,
                        37.0003
                     ],
                     [
                        -96.0019,
                        37.0003
                     ],
                     [
                        -96.0019,
                        36.4252
                     ],
                     [
                        -96.0019,
                        36.1623
                     ],
                     [
                        -96.2703,
                        36.1623
                     ],
                     [
                        -96.2538,
                        36.2225
                     ],
                     [
                        -96.3415,
                        36.2280
                     ],
                     [
                        -96.4565,
                        36.3321
                     ],
                     [
                        -96.5222,
                        36.2992
                     ],
                     [
                        -96.5660,
                        36.3102
                     ],
                     [
                        -96.5277,
                        36.3923
                     ],
                     [
                        -96.5879,
                        36.3759
                     ],
                     [
                        -96.6318,
                        36.4252
                     ],
                     [
                        -96.7030,
                        36.4307
                     ],
                     [
                        -96.7249,
                        36.5292
                     ],
                     [
                        -96.7687,
                        36.5676
                     ],
                     [
                        -96.8727,
                        36.4690
                     ],
                     [
                        -96.9385,
                        36.4580
                     ],
                     [
                        -97.0097,
                        36.5073
                     ],
                     [
                        -96.8892,
                        36.5731
                     ],
                     [
                        -96.9220,
                        36.6004
                     ],
                     [
                        -97.0590,
                        36.5950
                     ],
                     [
                        -97.0480,
                        36.6936
                     ],
                     [
                        -96.9330,
                        36.6881
                     ],
                     [
                        -96.8892,
                        36.7538
                     ],
                     [
                        -96.7522,
                        36.7812
                     ],
                     [
                        -96.7522,
                        37.0003
                     ],
                     [
                        -96.7303,
                        37.0003
                     ]
                  ]
               ]
            ]
         }
      }
   ]
}