{
   "type":"FeatureCollection",
   "properties":{
      "kind":"state",
      "state":"OK"
   },
   "features":[
      {
         "type":"Feature",
         "properties":{
            "kind":"county",
            "name":"Ottawa",
            "state":"OK"
         },
         "geometry":{
            "type":"MultiPolygon",
            "coordinates":[
               [
                  [
                     [
                        -94.9942,
                        37.0003
                     ],
                     [
                        -94.6162,
                        37.0003
                     ],
                     [
                        -94.6162,
                        36.7648
                     ],
                     [
                        -94.6162,
                        36.6662
                     ],
                     [
                        -94.8901,
                        36.6716
                     ],
                     [
                        -94.9996,
                        36.6716
                     ],
                     [
                        -94.9942,
                        36.9510
                     ],
                     [
                        -95.0380,
                        36.9729
                     ],
                     [
                        -95.0051,
                        37.0003
                     ],
                     [
                        -94.9942,
                        37.0003
                     ]
                  ]
               ]
            ]
         }
      }
   ]
}