{
   "type":"FeatureCollection",
   "properties":{
      "kind":"state",
      "state":"OK"
   },
   "features":[
      {
         "type":"Feature",
         "properties":{
            "kind":"county",
            "name":"Pawnee",
            "state":"OK"
         },
         "geometry":{
            "type":"MultiPolygon",
            "coordinates":[
               [
                  [
                     [
                        -96.7249,
                        36.5292
                     ],
                     [
                        -96.7030,
                        36.4307
                     ],
                     [
                        -96.6318,
                        36.4252
                     ],
                     [
                        -96.5879,
                        36.3759
                     ],
                     [
                        -96.5277,
                        36.3923
                     ],
                     [
                        -96.5660,
                        36.3102
                     ],
                     [
                        -96.5222,
                        36.2992
                     ],
                     [
                        -96.4565,
                        36.3321
                     ],
                     [
                        -96.3415,
                        36.2280
                     ],
                     [
                        -96.2538,
                        36.2225
                     ],
                     [
                        -96.2703,
                        36.1623
                     ],
                     [
                        -96.2977,
                        36.1623
                     ],
                     [
                        -96.6208,
                        36.1623
                     ],
                     [
                        -96.8180,
                        36.1568
                     ],
                     [
                        -96.8180,
                        36.2444
                     ],
                     [
                        -96.9275,
                        36.2444
                     ],
                     [
                        -96.9275,
                        36.3321
                     ],
                     [
                        -97.0316,
                        36.3321
                     ],
                     [
                        -97.0316,
                        36.5073
                     ],
                     [
                        -97.0097,
                        36.5073
                     ],
                     [
                        -96.9385,
                        36.4580
                     ],
                     [
                        -96.8727,
                        36.4690
                     ],
                     [
                        -96.7687,
                        36.5676
                     ],
                     [
                        -96.7249,
                        36.5292
                     ]
                  ]
               ]
            ]
         }
      }
   ]
}