{
   "type":"FeatureCollection",
   "properties":{
      "kind":"state",
      "state":"OK"
   },
   "features":[
      {
         "type":"Feature",
         "properties":{
            "kind":"county",
            "name":"Payne",
            "state":"OK"
         },
         "geometry":{
            "type":"MultiPolygon",
            "coordinates":[
               [
                  [
                     [
                        -97.0316,
                        36.2444
                     ],
                     [
                        -96.9275,
                        36.2444
                     ],
                     [
                        -96.8180,
                        36.2444
                     ],
                     [
                        -96.8180,
                        36.1568
                     ],
                     [
                        -96.6208,
                        36.1623
                     ],
                     [
                        -96.6208,
                        35.9432
                     ],
                     [
                        -97.0809,
                        35.9432
                     ],
                     [
                        -97.1411,
                        35.9432
                     ],
                     [
                        -97.2780,
                        35.9761
                     ],
                     [
                        -97.3109,
                        36.0089
                     ],
                     [
                        -97.3547,
                        35.9870
                     ],
                     [
                        -97.3547,
                        36.1568
                     ],
                     [
                        -97.1411,
                        36.1568
                     ],
                     [
                        -97.1411,
                        36.2444
                     ],
                     [
                        -97.0316,
                        36.2444
                     ]
                  ]
               ]
            ]
         }
      }
   ]
}