{
   "type":"FeatureCollection",
   "properties":{
      "kind":"state",
      "state":"OK"
   },
   "features":[
      {
         "type":"Feature",
         "properties":{
            "kind":"county",
            "name":"Pittsburg",
            "state":"OK"
         },
         "geometry":{
            "type":"MultiPolygon",
            "coordinates":[
               [
                  [
                     [
                        -95.7062,
                        35.2038
                     ],
                     [
                        -95.6130,
                        35.2476
                     ],
                     [
                        -95.6021,
                        35.2203
                     ],
                     [
                        -95.5145,
                        35.2641
                     ],
                     [
                        -95.5035,
                        35.3024
                     ],
                     [
                        -95.4487,
                        35.2969
                     ],
                     [
                        -95.4542,
                        35.1600
                     ],
                     [
                        -95.3502,
                        35.1600
                     ],
                     [
                        -95.3502,
                        35.0559
                     ],
                     [
                        -95.3502,
                        35.0286
                     ],
                     [
                        -95.5090,
                        35.0286
                     ],
                     [
                        -95.5145,
                        34.6835
                     ],
                     [
                        -95.5145,
                        34.5959
                     ],
                     [
                        -95.6733,
                        34.5959
                     ],
                     [
                        -95.8814,
                        34.5959
                     ],
                     [
                        -95.8814,
                        34.6780
                     ],
                     [
                        -96.0895,
                        34.6780
                     ],
                     [
                        -96.0895,
                        34.7657
                     ],
                     [
                        -96.0895,
                        35.0505
                     ],
                     [
                        -95.9855,
                        35.1491
                     ],
                     [
                        -95.9088,
                        35.1436
                     ],
                     [
                        -95.8705,
                        35.1874
                     ],
                     [
                        -95.7554,
                        35.1764
                     ],
                     [
                        -95.7062,
                        35.2038
                     ]
                  ]
               ]
            ]
         }
      }
   ]
}