{
   "type":"FeatureCollection",
   "properties":{
      "kind":"state",
      "state":"OK"
   },
   "features":[
      {
         "type":"Feature",
         "properties":{
            "kind":"county",
            "name":"Pontotoc",
            "state":"OK"
         },
         "geometry":{
            "type":"MultiPolygon",
            "coordinates":[
               [
                  [
                     [
                        -96.9330,
                        34.9628
                     ],
                     [
                        -96.8837,
                        34.9245
                     ],
                     [
                        -96.8180,
                        34.9464
                     ],
                     [
                        -96.7742,
                        34.9026
                     ],
                     [
                        -96.7249,
                        34.8588
                     ],
                     [
                        -96.6865,
                        34.8807
                     ],
                     [
                        -96.7139,
                        34.9135
                     ],
                     [
                        -96.6920,
                        34.9355
                     ],
                     [
                        -96.6427,
                        34.8971
                     ],
                     [
                        -96.5660,
                        34.9190
                     ],
                     [
                        -96.5277,
                        34.8697
                     ],
                     [
                        -96.4894,
                        34.9081
                     ],
                     [
                        -96.4236,
                        34.9026
                     ],
                     [
                        -96.4072,
                        34.9300
                     ],
                     [
                        -96.4072,
                        34.7657
                     ],
                     [
                        -96.4072,
                        34.6780
                     ],
                     [
                        -96.5113,
                        34.6780
                     ],
                     [
                        -96.5113,
                        34.5028
                     ],
                     [
                        -96.8289,
                        34.5083
                     ],
                     [
                        -96.8289,
                        34.5959
                     ],
                     [
                        -96.9330,
                        34.5904
                     ],
                     [
                        -96.9330,
                        34.6342
                     ],
                     [
                        -96.9330,
                        34.8533
                     ],
                     [
                        -96.9330,
                        34.9628
                     ]
                  ]
               ]
            ]
         }
      }
   ]
}