{
   "type":"FeatureCollection",
   "properties":{
      "kind":"state",
      "state":"OK"
   },
   "features":[
      {
         "type":"Feature",
         "properties":{
            "kind":"county",
            "name":"Pushmataha",
            "state":"OK"
         },
         "geometry":{
            "type":"MultiPolygon",
            "coordinates":[
               [
                  [
                     [
                        -95.3118,
                        34.6835
                     ],
                     [
                        -95.0599,
                        34.6780
                     ],
                     [
                        -94.9394,
                        34.6780
                     ],
                     [
                        -94.9394,
                        34.5083
                     ],
                     [
                        -95.0489,
                        34.5083
                     ],
                     [
                        -95.0489,
                        34.2454
                     ],
                     [
                        -95.1530,
                        34.2454
                     ],
                     [
                        -95.1585,
                        34.1577
                     ],
                     [
                        -95.3830,
                        34.1577
                     ],
                     [
                        -95.7774,
                        34.1577
                     ],
                     [
                        -95.7774,
                        34.5083
                     ],
                     [
                        -95.6733,
                        34.5083
                     ],
                     [
                        -95.6733,
                        34.5959
                     ],
                     [
                        -95.5145,
                        34.5959
                     ],
                     [
                        -95.5145,
                        34.6835
                     ],
                     [
                        -95.3118,
                        34.6835
                     ]
                  ]
               ]
            ]
         }
      }
   ]
}