{
   "type":"FeatureCollection",
   "properties":{
      "kind":"state",
      "state":"OK"
   },
   "features":[
      {
         "type":"Feature",
         "properties":{
            "kind":"county",
            "name":"Rogers",
            "state":"OK"
         },
         "geometry":{
            "type":"MultiPolygon",
            "coordinates":[
               [
                  [
                     [
                        -95.8102,
                        36.5950
                     ],
                     [
                        -95.4323,
                        36.5950
                     ],
                     [
                        -95.3282,
                        36.5950
                     ],
                     [
                        -95.3282,
                        36.5128
                     ],
                     [
                        -95.4378,
                        36.5128
                     ],
                     [
                        -95.4378,
                        36.0747
                     ],
                     [
                        -95.5692,
                        36.0747
                     ],
                     [
                        -95.5692,
                        36.1294
                     ],
                     [
                        -95.6185,
                        36.1623
                     ],
                     [
                        -95.7609,
                        36.1623
                     ],
                     [
                        -95.8157,
                        36.1623
                     ],
                     [
                        -95.8102,
                        36.4252
                     ],
                     [
                        -95.8102,
                        36.5950
                     ]
                  ]
               ]
            ]
         }
      }
   ]
}