{
   "type":"FeatureCollection",
   "properties":{
      "kind":"state",
      "state":"OK"
   },
   "features":[
      {
         "type":"Feature",
         "properties":{
            "kind":"county",
            "name":"Seminole",
            "state":"OK"
         },
         "geometry":{
            "type":"MultiPolygon",
            "coordinates":[
               [
                  [
                     [
                        -96.4401,
                        35.4667
                     ],
                     [
                        -96.4401,
                        35.2915
                     ],
                     [
                        -96.4401,
                        35.1162
                     ],
                     [
                        -96.4894,
                        35.1162
                     ],
                     [
                        -96.4894,
                        34.9081
                     ],
                     [
                        -96.5277,
                        34.8697
                     ],
                     [
                        -96.5660,
                        34.9190
                     ],
                     [
                        -96.6427,
                        34.8971
                     ],
                     [
                        -96.6920,
                        34.9355
                     ],
                     [
                        -96.7139,
                        34.9135
                     ],
                     [
                        -96.6865,
                        34.8807
                     ],
                     [
                        -96.7249,
                        34.8588
                     ],
                     [
                        -96.7742,
                        34.9026
                     ],
                     [
                        -96.7742,
                        35.4120
                     ],
                     [
                        -96.6263,
                        35.4010
                     ],
                     [
                        -96.5332,
                        35.3900
                     ],
                     [
                        -96.5715,
                        35.4393
                     ],
                     [
                        -96.4948,
                        35.4284
                     ],
                     [
                        -96.4401,
                        35.4667
                     ]
                  ]
               ]
            ]
         }
      }
   ]
}