{
   "type":"FeatureCollection",
   "properties":{
      "kind":"state",
      "state":"OK"
   },
   "features":[
      {
         "type":"Feature",
         "properties":{
            "kind":"county",
            "name":"Sequoyah",
            "state":"OK"
         },
         "geometry":{
            "type":"MultiPolygon",
            "coordinates":[
               [
                  [
                     [
                        -94.8518,
                        35.6365
                     ],
                     [
                        -94.8079,
                        35.6365
                     ],
                     [
                        -94.4738,
                        35.6365
                     ],
                     [
                        -94.4300,
                        35.3955
                     ],
                     [
                        -94.4300,
                        35.3791
                     ],
                     [
                        -94.4848,
                        35.3681
                     ],
                     [
                        -94.4957,
                        35.3024
                     ],
                     [
                        -94.5943,
                        35.3298
                     ],
                     [
                        -94.6655,
                        35.2915
                     ],
                     [
                        -94.7477,
                        35.3572
                     ],
                     [
                        -94.8134,
                        35.3243
                     ],
                     [
                        -94.8408,
                        35.3736
                     ],
                     [
                        -94.9120,
                        35.3462
                     ],
                     [
                        -94.9010,
                        35.3955
                     ],
                     [
                        -95.0051,
                        35.4120
                     ],
                     [
                        -95.0489,
                        35.4612
                     ],
                     [
                        -95.0873,
                        35.4612
                     ],
                     [
                        -95.1311,
                        35.5270
                     ],
                     [
                        -95.1256,
                        35.6365
                     ],
                     [
                        -94.8518,
                        35.6365
                     ]
                  ]
               ]
            ]
         }
      }
   ]
}