{
   "type":"FeatureCollection",
   "properties":{
      "kind":"state",
      "state":"OK"
   },
   "features":[
      {
         "type":"Feature",
         "properties":{
            "kind":"county",
            "name":"Stephens",
            "state":"OK"
         },
         "geometry":{
            "type":"MultiPolygon",
            "coordinates":[
               [
                  [
                     [
                        -97.9955,
                        34.6835
                     ],
                     [
                        -97.6669,
                        34.6835
                     ],
                     [
                        -97.5628,
                        34.6835
                     ],
                     [
                        -97.5628,
                        34.5083
                     ],
                     [
                        -97.5628,
                        34.2892
                     ],
                     [
                        -98.0612,
                        34.2892
                     ],
                     [
                        -98.1379,
                        34.2892
                     ],
                     [
                        -98.1434,
                        34.5083
                     ],
                     [
                        -98.1434,
                        34.5083
                     ],
                     [
                        -98.1434,
                        34.6835
                     ],
                     [
                        -98.0886,
                        34.6835
                     ],
                     [
                        -97.9955,
                        34.6835
                     ]
                  ]
               ]
            ]
         }
      }
   ]
}