{
   "type":"FeatureCollection",
   "properties":{
      "kind":"state",
      "state":"OK"
   },
   "features":[
      {
         "type":"Feature",
         "properties":{
            "kind":"county",
            "name":"Tulsa",
            "state":"OK"
         },
         "geometry":{
            "type":"MultiPolygon",
            "coordinates":[
               [
                  [
                     [
                        -95.9198,
                        36.4252
                     ],
                     [
                        -95.8102,
                        36.4252
                     ],
                     [
                        -95.8157,
                        36.1623
                     ],
                     [
                        -95.7609,
                        36.1623
                     ],
                     [
                        -95.7609,
                        35.8994
                     ],
                     [
                        -95.8212,
                        35.8994
                     ],
                     [
                        -95.8212,
                        35.8556
                     ],
                     [
                        -96.0348,
                        35.8556
                     ],
                     [
                        -96.0293,
                        36.0747
                     ],
                     [
                        -96.2977,
                        36.0747
                     ],
                     [
                        -96.2977,
                        36.1623
                     ],
                     [
                        -96.2703,
                        36.1623
                     ],
                     [
                        -96.0019,
                        36.1623
                     ],
                     [
                        -96.0019,
                        36.4252
                     ],
                     [
                        -95.9198,
                        36.4252
                     ]
                  ]
               ]
            ]
         }
      }
   ]
}