{
   "type":"FeatureCollection",
   "properties":{
      "kind":"state",
      "state":"OK"
   },
   "features":[
      {
         "type":"Feature",
         "properties":{
            "kind":"county",
            "name":"Wagoner",
            "state":"OK"
         },
         "geometry":{
            "type":"MultiPolygon",
            "coordinates":[
               [
                  [
                     [
                        -95.6185,
                        36.1623
                     ],
                     [
                        -95.5692,
                        36.1294
                     ],
                     [
                        -95.5692,
                        36.0747
                     ],
                     [
                        -95.4378,
                        36.0747
                     ],
                     [
                        -95.2078,
                        36.0747
                     ],
                     [
                        -95.2351,
                        35.9925
                     ],
                     [
                        -95.2790,
                        35.9651
                     ],
                     [
                        -95.2844,
                        35.9049
                     ],
                     [
                        -95.2297,
                        35.8611
                     ],
                     [
                        -95.2680,
                        35.8118
                     ],
                     [
                        -95.4816,
                        35.8008
                     ],
                     [
                        -95.5911,
                        35.7625
                     ],
                     [
                        -95.6404,
                        35.7899
                     ],
                     [
                        -95.6569,
                        35.8556
                     ],
                     [
                        -95.7664,
                        35.8556
                     ],
                     [
                        -95.8212,
                        35.8556
                     ],
                     [
                        -95.8212,
                        35.8994
                     ],
                     [
                        -95.7609,
                        35.8994
                     ],
                     [
                        -95.7609,
                        36.1623
                     ],
                     [
                        -95.6185,
                        36.1623
                     ]
                  ]
               ]
            ]
         }
      }
   ]
}