{
   "type":"FeatureCollection",
   "properties":{
      "kind":"state",
      "state":"OK"
   },
   "features":[
      {
         "type":"Feature",
         "properties":{
            "kind":"county",
            "name":"Washington",
            "state":"OK"
         },
         "geometry":{
            "type":"MultiPolygon",
            "coordinates":[
               [
                  [
                     [
                        -95.9088,
                        37.0003
                     ],
                     [
                        -95.7883,
                        37.0003
                     ],
                     [
                        -95.8102,
                        36.5950
                     ],
                     [
                        -95.8102,
                        36.4252
                     ],
                     [
                        -95.9198,
                        36.4252
                     ],
                     [
                        -96.0019,
                        36.4252
                     ],
                     [
                        -96.0019,
                        37.0003
                     ],
                     [
                        -95.9636,
                        37.0003
                     ],
                     [
                        -95.9088,
                        37.0003
                     ]
                  ]
               ]
            ]
         }
      }
   ]
}