{
   "type":"FeatureCollection",
   "properties":{
      "kind":"state",
      "state":"OK"
   },
   "features":[
      {
         "type":"Feature",
         "properties":{
            "kind":"county",
            "name":"Woodward",
            "state":"OK"
         },
         "geometry":{
            "type":"MultiPolygon",
            "coordinates":[
               [
                  [
                     [
                        -99.2935,
                        36.8195
                     ],
                     [
                        -99.2552,
                        36.7867
                     ],
                     [
                        -99.1402,
                        36.7812
                     ],
                     [
                        -99.0580,
                        36.7155
                     ],
                     [
                        -98.9595,
                        36.6004
                     ],
                     [
                        -98.9595,
                        36.5073
                     ],
                     [
                        -98.9595,
                        36.5019
                     ],
                     [
                        -98.9540,
                        36.1623
                     ],
                     [
                        -99.3812,
                        36.1623
                     ],
                     [
                        -99.5948,
                        36.1623
                     ],
                     [
                        -99.6057,
                        36.5950
                     ],
                     [
                        -99.2935,
                        36.5950
                     ],
                     [
                        -99.2935,
                        36.8195
                     ]
                  ]
               ]
            ]
         }
      }
   ]
}