{
   "type":"FeatureCollection",
   "properties":{
      "kind":"state",
      "state":"OK"
   },
   "features":[
      {
         "type":"Feature",
         "properties":{
            "kind":"county",
            "name":"Woods",
            "state":"OK"
         },
         "geometry":{
            "type":"MultiPolygon",
            "coordinates":[
               [
                  [
                     [
                        -99.4579,
                        37.0003
                     ],
                     [
                        -99.0033,
                        37.0003
                     ],
                     [
                        -98.5432,
                        37.0003
                     ],
                     [
                        -98.5323,
                        36.4635
                     ],
                     [
                        -98.5323,
                        36.3978
                     ],
                     [
                        -98.6254,
                        36.3923
                     ],
                     [
                        -98.8061,
                        36.4580
                     ],
                     [
                        -98.8444,
                        36.5073
                     ],
                     [
                        -98.9595,
                        36.5073
                     ],
                     [
                        -98.9595,
                        36.6004
                     ],
                     [
                        -99.0580,
                        36.7155
                     ],
                     [
                        -99.1402,
                        36.7812
                     ],
                     [
                        -99.2552,
                        36.7867
                     ],
                     [
                        -99.2935,
                        36.8195
                     ],
                     [
                        -99.4579,
                        37.0003
                     ]
                  ]
               ]
            ]
         }
      }
   ]
}